User name;Activity;Profile Url;Received message
salimo960;Warrior Forum - The #1 Internet Marketing Forum & Marketplace;http://www.warriorforum.com/members/salimo960.html;true
spkriyan01;Warrior Forum - The #1 Internet Marketing Forum & Marketplace;http://www.warriorforum.com/members/spkriyan01.html;true
Mahsing;Other Website Products & Services;http://www.warriorforum.com/members/mahsing.html;true
Coolish;Warrior Forum - The #1 Internet Marketing Forum & Marketplace;http://www.warriorforum.com/members/coolish.html;true
dejour50;Warrior Forum - The #1 Internet Marketing Forum & Marketplace;http://www.warriorforum.com/members/dejour50.html;true
Abhijith Murali;Warrior Forum - The #1 Internet Marketing Forum & Marketplace;http://www.warriorforum.com/members/abhijith-murali.html;false
Jonathan Vodini;Warrior Forum - The #1 Internet Marketing Forum & Marketplace;http://www.warriorforum.com/members/jonathan-vodini.html;false
laughingkid;Main Internet Marketing Discussion Forum;http://www.warriorforum.com/members/laughingkid.html;false
rashelbd7;Warrior Forum - The #1 Internet Marketing Forum & Marketplace;http://www.warriorforum.com/members/rashelbd7.html;false
kaywinkler;Warrior Forum - The #1 Internet Marketing Forum & Marketplace;http://www.warriorforum.com/members/kaywinkler.html;false
sailmfast;Warrior Forum - The #1 Internet Marketing Forum & Marketplace;http://www.warriorforum.com/members/sailmfast.html;false
jinrui;Warrior Forum - The #1 Internet Marketing Forum & Marketplace;http://www.warriorforum.com/members/jinrui.html;false
